Molecule_ID,Binding_Affinity_kcal_mol,Second_Best_Pose_kcal_mol,Pose_Quality,SMILES,Scaffold_Type,KCX82_Interaction,KCX82_Distance_A,SER79_Interaction,SER79_Distance_A,LEU166_Contact,ARG259_Contact,PHE110_Contact,TRP113_Contact,VAL128_Contact,Hydrogen_Bonds,Pi_Pi_Interactions,Pi_Alkyl_Interactions,Pi_Sigma_Interactions,Van_der_Waals,Total_Residue_Contacts,Interaction_Diversity_Score,Ligand_Efficiency,ADME_Score,Solubility_mg_ml,Lipinski_Violations,Bioavailability_Score,Catalytic_Site_Engagement,Binding_Site_Coverage,Affinity_Rank,Overall_Rank,Development_Priority,Resistance_Potential,Clinical_Superiority_vs_Sulbactam,Binding_Efficiency,Quality_Score,Clinical_Potential
1,-7.9,-7.6,Exceptional,O=C([C@@H]1N2C(=O)C[C@H]2S(=O)(=O)C1(C)C)Nc1ncccc1O,2-Hydroxypyridine,Strong,2.1,Present,2.3,Yes,Yes,Yes,Yes,Yes,Multiple,T-shaped,Multiple,Present,Extensive,15,9,0.253,11.66,15.3,0,0.55,Excellent,Comprehensive,4,1,Lead_Compound,Very_Low,2.1,-0.5266666666666667,9.734000000000002,35.03
5,-8.1,-8.0,Excellent,O=C([C@@H]1N2C(=O)C[C@H]2S(=O)(=O)C1(C)C)Nc1ncnc(c1)F,4-Fluoropyrimidine,Excellent,2.1,Strong,2.2,Yes,Yes,Yes,Yes,Limited,Multiple,T-shaped,Multiple,None,Extensive,14,8,0.26,10.84,12.1,0,0.52,Excellent,Comprehensive,2,2,High,Low,2.3,-0.5785714285714285,9.166,34.92
8,-7.7,-7.3,Very Good,O=C([C@@H]1N2C(=O)C[C@H]2S(=O)(=O)C1(C)C)Nc1ncccc1F,3-Fluoropyridine,Excellent,2.2,Strong,2.3,Yes,Limited,Yes,Limited,Limited,Present,Stacked+T-shaped,Present,None,Present,12,7,0.246,9.34,10.6,0,0.51,Excellent,Good,5,3,High,Low,1.9,-0.6416666666666667,8.146,32.870000000000005
9,-8.4,-7.7,Excellent,Cc1cccc(NC(=O)[C@@H]2N3C(=O)C[C@H]3S(=O)(=O)C2(C)C)n1,2-Methylpyridine,Outstanding,2.0,Strong,2.2,Yes,Yes,Yes,Yes,Yes,Multiple,T-shaped,Multiple,None,Extensive,16,10,0.269,9.84,10.2,0,0.49,Outstanding,Comprehensive,1,4,Maximum_Potency,Very_Low,2.6,-0.525,9.456,35.02
3,-8.0,-7.2,Excellent,O=C([C@@H]1N2C(=O)C[C@H]2S(=O)(=O)C1(C)C)Nc1[nH]cc(n1)C,4-Methylimidazole,Present,1.9,Present,2.5,Yes,Yes,Limited,Limited,Limited,Present,Limited,Present,None,Present,10,5,0.256,7.08,8.1,0,0.38,Good,Moderate,3,5,Backup,Moderate,2.2,-0.8,6.732000000000001,31.34
7,-7.6,-7.3,Good,N#Cc1ccc(cn1)OC(=O)[C@@H]1N2C(=O)C[C@H]2S(=O)(=O)C1(C)C,2-Cyanopyridine,Good,2.4,Present,2.6,Yes,Yes,Limited,Limited,Limited,Present,None,Present,None,Present,10,5,0.244,8.12,9.8,0,0.48,Good,Moderate,6,6,Medium,Moderate,1.8,-0.76,7.027999999999999,31.659999999999997
4,-7.5,-7.1,Good,O=C([C@@H]1N2C(=O)C[C@H]2S(=O)(=O)C1(C)C)Nc1nccc(n1)C,2-Methylpyrimidine,Limited,3.2,Limited,3.0,Limited,Limited,Limited,Limited,Limited,Present,None,Limited,Present,Present,9,4,0.24,8.45,9.2,0,0.47,Poor,Moderate,7,7,Low,High,1.7,-0.8333333333333334,6.83,31.425
2,-7.3,-7.1,Good,O=C([C@@H]1N2C(=O)C[C@H]2S(=O)(=O)C1(C)C)Nc1nccnc1C,4-Methylpyrimidine,Present,2.8,Limited,3.1,Limited,Limited,Limited,Limited,Limited,Limited,None,None,None,Present,8,3,0.234,7.23,8.7,0,0.43,Poor,Limited,8,8,Low,High,1.5,-0.9125,5.982,29.815
6,-7.1,-6.9,Moderate,O=C([C@@H]1N2C(=O)C[C@H]2S(=O)(=O)C1(C)C)Nc1cncc(c1)F,4-Fluoropyridine,Weak,3.5,Present,2.7,Yes,Limited,Limited,Limited,Limited,Present,None,Limited,None,Present,9,4,0.228,6.89,7.4,0,0.41,Moderate,Moderate,9,9,Low,Moderate,1.3,-0.7888888888888889,6.086,28.845
10,-7.1,-7.1,Moderate,O=C([C@@H]1N2C(=O)C[C@H]2S(=O)(=O)C1(C)C)Nc1ccccc1F,4-Fluorobenzene,Limited,3.4,Limited,3.2,Limited,Limited,Limited,Limited,Limited,Present,None,None,None,Present,8,3,0.228,6.78,7.1,0,0.39,Poor,Limited,10,10,Low,High,1.3,-0.8875,5.742,28.589999999999996
